timestamp,process_type,input_file,output_file,operation,status,duration_ms,file_size_bytes
2024-01-15 10:30:25,image_processing,Sundarban_Tiger.jpg,resized_tiger_up_1.jpg,resize_double,success,245,156789
2024-01-15 10:30:26,image_processing,Sundarban_Tiger.jpg,resized_tiger_up_2.jpg,resize_double,success,232,156791
2024-01-15 10:30:27,image_processing,Sundarban_Tiger.jpg,resized_tiger_up_3.jpg,resize_double,success,241,156788
2024-01-15 10:30:28,image_processing,Sundarban_Tiger.jpg,resized_tiger_down_1.jpg,resize_half,success,198,39234
2024-01-15 10:30:29,image_processing,Sundarban_Tiger.jpg,resized_tiger_down_2.jpg,resize_half,success,203,39231
2024-01-15 10:30:30,image_processing,Sundarban_Tiger.jpg,resized_tiger_down_3.jpg,resize_half,success,195,39236
2024-01-15 10:30:31,image_processing,Sundarban_Tiger.jpg,flipped_tiger_h_1.jpg,flip_horizontal,success,167,78456
2024-01-15 10:30:32,image_processing,Sundarban_Tiger.jpg,flipped_tiger_h_2.jpg,flip_horizontal,success,172,78454
2024-01-15 10:30:33,image_processing,Sundarban_Tiger.jpg,flipped_tiger_h_3.jpg,flip_horizontal,success,169,78458
2024-01-15 10:30:34,image_processing,Sundarban_Tiger.jpg,flipped_tiger_v_1.jpg,flip_vertical,success,174,78451
2024-01-15 10:30:35,image_processing,Sundarban_Tiger.jpg,flipped_tiger_v_2.jpg,flip_vertical,success,178,78449
2024-01-15 10:30:36,image_processing,Sundarban_Tiger.jpg,flipped_tiger_v_3.jpg,flip_vertical,success,171,78453
2024-01-15 10:30:37,image_processing,Sundarban_Tiger.jpg,flipped_tiger_both_1.jpg,flip_both,success,189,78447
2024-01-15 10:30:38,image_processing,Sundarban_Tiger.jpg,flipped_tiger_both_2.jpg,flip_both,success,192,78445
2024-01-15 10:30:39,image_processing,Sundarban_Tiger.jpg,flipped_tiger_both_3.jpg,flip_both,success,187,78449
2024-01-15 10:30:40,image_processing,Sundarban_Tiger.jpg,grayscale_tiger_1.jpg,grayscale,success,156,52341
2024-01-15 10:30:41,image_processing,Sundarban_Tiger.jpg,grayscale_tiger_2.jpg,grayscale,success,159,52339
2024-01-15 10:30:42,image_processing,Sundarban_Tiger.jpg,grayscale_tiger_3.jpg,grayscale,success,154,52343
2024-01-15 11:45:12,data_analysis,rainfallISet1.txt,comparison_plot.png,visualization,success,1247,45623
2024-01-15 11:45:15,data_analysis,rainfallSet2.txt,Set1_extremes.png,scatter_plot,success,892,38721
2024-01-15 11:45:18,data_analysis,weekly_data,weekly_activities_full.png,seaborn_chart,success,1156,41234
2024-01-15 12:30:45,cryptography,plain_text.txt,encrypted_file.txt,rsa_encrypt,success,2341,1024
2024-01-15 12:31:02,cryptography,word_list.txt,wordPatterns.py,pattern_analysis,success,4567,15678
2024-01-15 14:15:30,api_processing,countries_api,bangladesh_details.txt,json_parse,success,3456,2048
2024-01-15 14:16:45,weather_api,weather_service,bangladesh_weather.txt,api_fetch,success,2789,1536
2024-01-15 15:22:18,database,weather_data,bd_weather.db,sqlite_insert,success,567,8192
